stimulus,sung,infdir,fieldsite,cat,baby,fsm,n
ACO02,0,0,ACO,ad speech,.57599998,.55918288,29
ACO03,0,0,ACO,ad speech,.49056605,.55918288,29
ACO03,1,1,ACO,id song,.86466163,.55918288,29
ACO04,1,0,ACO,ad song,.52066118,.55918288,29
ACO04,1,1,ACO,id song,.62962961,.55918288,29
ACO05,1,0,ACO,ad song,.3119266,.55918288,29
ACO05,0,0,ACO,ad speech,.25490198,.55918288,29
ACO05,1,1,ACO,id song,.8309859,.55918288,29
ACO05,0,1,ACO,id speech,.58870965,.55918288,29
ACO06,1,0,ACO,ad song,.54621851,.55918288,29
ACO06,1,1,ACO,id song,.90769231,.55918288,29
ACO07,1,0,ACO,ad song,.51785713,.55918288,29
ACO07,1,1,ACO,id song,.62595421,.55918288,29
ACO08,1,0,ACO,ad song,.44999999,.55918288,29
ACO08,0,0,ACO,ad speech,.14529915,.55918288,29
ACO08,1,1,ACO,id song,.52517986,.55918288,29
ACO08,0,1,ACO,id speech,.18181819,.55918288,29
ACO09,1,0,ACO,ad song,.64655173,.55918288,29
ACO09,0,0,ACO,ad speech,.15652174,.55918288,29
ACO09,1,1,ACO,id song,.73504275,.55918288,29
ACO10,1,0,ACO,ad song,.64545453,.55918288,29
ACO10,0,0,ACO,ad speech,.23655914,.55918288,29
ACO10,1,1,ACO,id song,.84552848,.55918288,29
ACO11,1,1,ACO,id song,.91666669,.55918288,29
ACO12,1,0,ACO,ad song,.66379309,.55918288,29
ACO13,1,0,ACO,ad song,.62831861,.55918288,29
ACO13,1,1,ACO,id song,.80419582,.55918288,29
ACO14,1,1,ACO,id song,.57936507,.55918288,29
ACO14,0,1,ACO,id speech,.39024389,.55918288,29
ARA01,1,0,ARA,ad song,.77477479,.77411926,21
ARA01,1,1,ARA,id song,.68965518,.77411926,21
ARA02,1,1,ARA,id song,.94400001,.77411926,21
ARA03,1,0,ARA,ad song,.73394495,.77411926,21
ARA03,1,1,ARA,id song,.72799999,.77411926,21
ARA04,0,0,ARA,ad speech,.74774772,.77411926,21
ARA04,1,1,ARA,id song,.93203884,.77411926,21
ARA04,0,1,ARA,id speech,.76146787,.77411926,21
ARA05,1,1,ARA,id song,.94957983,.77411926,21
ARA05,0,1,ARA,id speech,.72950822,.77411926,21
ARA06,1,0,ARA,ad song,.80000001,.77411926,21
ARA06,1,1,ARA,id song,.88617885,.77411926,21
ARA07,1,0,ARA,ad song,.89423078,.77411926,21
ARA07,1,1,ARA,id song,.94495416,.77411926,21
ARA08,1,0,ARA,ad song,.14851485,.77411926,21
ARA08,0,0,ARA,ad speech,.14942528,.77411926,21
ARA09,0,1,ARA,id speech,.86666667,.77411926,21
ARA10,1,1,ARA,id song,.89473683,.77411926,21
ARA11,1,0,ARA,ad song,.78431374,.77411926,21
ARA11,1,1,ARA,id song,.94594592,.77411926,21
ARA12,1,1,ARA,id song,.95081967,.77411926,21
BEJ01,1,0,BEJ,ad song,.62903225,.60725325,103
BEJ01,0,0,BEJ,ad speech,.18260869,.60725325,103
BEJ01,1,1,BEJ,id song,.90647483,.60725325,103
BEJ01,0,1,BEJ,id speech,.5,.60725325,103
BEJ02,1,0,BEJ,ad song,.69565219,.60725325,103
BEJ02,0,0,BEJ,ad speech,.21969697,.60725325,103
BEJ02,1,1,BEJ,id song,.95652175,.60725325,103
BEJ02,0,1,BEJ,id speech,.6785714,.60725325,103
BEJ03,1,0,BEJ,ad song,.80508476,.60725325,103
BEJ03,0,0,BEJ,ad speech,.78991598,.60725325,103
BEJ03,1,1,BEJ,id song,.71844661,.60725325,103
BEJ03,0,1,BEJ,id speech,.84558821,.60725325,103
BEJ04,1,0,BEJ,ad song,.6796875,.60725325,103
BEJ04,0,0,BEJ,ad speech,.08730159,.60725325,103
BEJ05,1,0,BEJ,ad song,.80909091,.60725325,103
BEJ05,0,0,BEJ,ad speech,.10714286,.60725325,103
BEJ05,1,1,BEJ,id song,.90476191,.60725325,103
BEJ06,1,0,BEJ,ad song,.66055048,.60725325,103
BEJ06,1,1,BEJ,id song,.89041096,.60725325,103
BEJ07,1,0,BEJ,ad song,.77118641,.60725325,103
BEJ07,0,0,BEJ,ad speech,.12280702,.60725325,103
BEJ07,1,1,BEJ,id song,.92805755,.60725325,103
BEJ08,1,0,BEJ,ad song,.88596493,.60725325,103
BEJ08,0,0,BEJ,ad speech,.50847459,.60725325,103
BEJ08,1,1,BEJ,id song,.86259544,.60725325,103
BEJ08,0,1,BEJ,id speech,.95041323,.60725325,103
BEJ09,1,0,BEJ,ad song,.77397263,.60725325,103
BEJ09,1,1,BEJ,id song,.96747965,.60725325,103
BEJ09,0,1,BEJ,id speech,.88034189,.60725325,103
BEJ10,1,0,BEJ,ad song,.56818181,.60725325,103
BEJ10,0,0,BEJ,ad speech,.2920354,.60725325,103
BEJ10,0,1,BEJ,id speech,.86619717,.60725325,103
BEJ11,1,0,BEJ,ad song,.70542634,.60725325,103
BEJ11,0,0,BEJ,ad speech,.11827957,.60725325,103
BEJ11,0,1,BEJ,id speech,.20472442,.60725325,103
BEJ12,1,0,BEJ,ad song,.625,.60725325,103
BEJ12,0,0,BEJ,ad speech,.10476191,.60725325,103
BEJ12,1,1,BEJ,id song,.80882353,.60725325,103
BEJ13,1,0,BEJ,ad song,.77777779,.60725325,103
BEJ13,0,0,BEJ,ad speech,.11666667,.60725325,103
BEJ13,1,1,BEJ,id song,.89677417,.60725325,103
BEJ14,1,0,BEJ,ad song,.80208331,.60725325,103
BEJ14,0,0,BEJ,ad speech,.21186441,.60725325,103
BEJ14,1,1,BEJ,id song,.8865248,.60725325,103
BEJ15,1,0,BEJ,ad song,.8487395,.60725325,103
BEJ15,0,0,BEJ,ad speech,.064220183,.60725325,103
BEJ15,1,1,BEJ,id song,.7723577,.60725325,103
BEJ15,0,1,BEJ,id speech,.89705884,.60725325,103
BEJ16,1,0,BEJ,ad song,.50925928,.60725325,103
BEJ16,0,0,BEJ,ad speech,.10309278,.60725325,103
BEJ16,1,1,BEJ,id song,.79452056,.60725325,103
BEJ16,0,1,BEJ,id speech,.69852942,.60725325,103
BEJ17,1,0,BEJ,ad song,.83200002,.60725325,103
BEJ17,0,0,BEJ,ad speech,.072580643,.60725325,103
BEJ17,1,1,BEJ,id song,.86330932,.60725325,103
BEJ17,0,1,BEJ,id speech,.71311474,.60725325,103
BEJ18,1,0,BEJ,ad song,.87074828,.60725325,103
BEJ18,1,1,BEJ,id song,.89308178,.60725325,103
BEJ19,1,0,BEJ,ad song,.60344827,.60725325,103
BEJ19,0,0,BEJ,ad speech,.17948718,.60725325,103
BEJ19,1,1,BEJ,id song,.76991153,.60725325,103
BEJ19,0,1,BEJ,id speech,.48888889,.60725325,103
BEJ20,1,0,BEJ,ad song,.8224299,.60725325,103
BEJ20,0,0,BEJ,ad speech,.33050847,.60725325,103
BEJ20,1,1,BEJ,id song,.94303799,.60725325,103
BEJ20,0,1,BEJ,id speech,.75833333,.60725325,103
BEJ21,1,0,BEJ,ad song,.70161289,.60725325,103
BEJ21,0,0,BEJ,ad speech,.096774191,.60725325,103
BEJ21,1,1,BEJ,id song,.72131145,.60725325,103
BEJ21,0,1,BEJ,id speech,.48305085,.60725325,103
BEJ22,1,0,BEJ,ad song,.18644068,.60725325,103
BEJ22,0,0,BEJ,ad speech,.073684208,.60725325,103
BEJ22,1,1,BEJ,id song,.87323946,.60725325,103
BEJ22,0,1,BEJ,id speech,.75590551,.60725325,103
BEJ23,1,0,BEJ,ad song,.69230771,.60725325,103
BEJ23,0,0,BEJ,ad speech,.096491225,.60725325,103
BEJ23,1,1,BEJ,id song,.83766234,.60725325,103
BEJ24,1,0,BEJ,ad song,.64102566,.60725325,103
BEJ24,0,0,BEJ,ad speech,.093457945,.60725325,103
BEJ24,1,1,BEJ,id song,.72857141,.60725325,103
BEJ24,0,1,BEJ,id speech,.39568347,.60725325,103
BEJ25,1,0,BEJ,ad song,.63793105,.60725325,103
BEJ25,0,0,BEJ,ad speech,.27966103,.60725325,103
BEJ25,1,1,BEJ,id song,.72661871,.60725325,103
BEJ26,1,0,BEJ,ad song,.76612902,.60725325,103
BEJ26,0,0,BEJ,ad speech,.25225225,.60725325,103
BEJ26,1,1,BEJ,id song,.80000001,.60725325,103
BEJ26,0,1,BEJ,id speech,.63698632,.60725325,103
BEJ27,1,0,BEJ,ad song,.90434784,.60725325,103
BEJ27,0,0,BEJ,ad speech,.083333336,.60725325,103
BEJ27,1,1,BEJ,id song,.92000002,.60725325,103
BEJ28,1,0,BEJ,ad song,.80303031,.60725325,103
BEJ28,0,0,BEJ,ad speech,.40000001,.60725325,103
BEJ28,1,1,BEJ,id song,.78703701,.60725325,103
BEJ29,1,0,BEJ,ad song,.81203008,.60725325,103
BEJ29,1,1,BEJ,id song,.67199999,.60725325,103
BEJ30,1,0,BEJ,ad song,.77272725,.60725325,103
BEJ30,0,0,BEJ,ad speech,.11711711,.60725325,103
BEJ30,1,1,BEJ,id song,.8828125,.60725325,103
BEJ31,1,0,BEJ,ad song,.5959596,.60725325,103
BEJ31,0,0,BEJ,ad speech,.18446602,.60725325,103
BEJ31,1,1,BEJ,id song,.91150445,.60725325,103
BEJ31,0,1,BEJ,id speech,.69230771,.60725325,103
HAD01,1,0,HAD,ad song,.53846157,.48825356,38
HAD01,0,0,HAD,ad speech,.15517241,.48825356,38
HAD01,1,1,HAD,id song,.61194032,.48825356,38
HAD01,0,1,HAD,id speech,.14503817,.48825356,38
HAD02,1,0,HAD,ad song,.71317828,.48825356,38
HAD02,0,0,HAD,ad speech,.25663716,.48825356,38
HAD02,1,1,HAD,id song,.72388059,.48825356,38
HAD02,0,1,HAD,id speech,.472,.48825356,38
HAD03,1,0,HAD,ad song,.53913045,.48825356,38
HAD03,0,0,HAD,ad speech,.24812031,.48825356,38
HAD03,1,1,HAD,id song,.41176471,.48825356,38
HAD03,0,1,HAD,id speech,.61068702,.48825356,38
HAD04,1,0,HAD,ad song,.59677422,.48825356,38
HAD04,0,0,HAD,ad speech,.055555556,.48825356,38
HAD04,1,1,HAD,id song,.43200001,.48825356,38
HAD04,0,1,HAD,id speech,.22608696,.48825356,38
HAD05,1,0,HAD,ad song,.74166667,.48825356,38
HAD05,0,0,HAD,ad speech,.53900707,.48825356,38
HAD05,1,1,HAD,id song,.7280702,.48825356,38
HAD05,0,1,HAD,id speech,.28799999,.48825356,38
HAD06,1,0,HAD,ad song,.64957267,.48825356,38
HAD06,0,0,HAD,ad speech,.24299066,.48825356,38
HAD06,1,1,HAD,id song,.66666669,.48825356,38
HAD06,0,1,HAD,id speech,.66423357,.48825356,38
HAD07,1,0,HAD,ad song,.80341882,.48825356,38
HAD07,0,0,HAD,ad speech,.44642857,.48825356,38
HAD07,1,1,HAD,id song,.64754099,.48825356,38
HAD07,0,1,HAD,id speech,.7557252,.48825356,38
HAD08,1,0,HAD,ad song,.63999999,.48825356,38
HAD08,0,0,HAD,ad speech,.13461539,.48825356,38
HAD08,1,1,HAD,id song,.62096775,.48825356,38
HAD08,0,1,HAD,id speech,.37614679,.48825356,38
HAD09,1,0,HAD,ad song,.79130435,.48825356,38
HAD09,0,0,HAD,ad speech,.28440368,.48825356,38
HAD09,1,1,HAD,id song,.85314685,.48825356,38
HAD09,0,1,HAD,id speech,.46666667,.48825356,38
HAD10,0,0,HAD,ad speech,.24299066,.48825356,38
HAD10,0,1,HAD,id speech,.23364486,.48825356,38
JEN01,1,0,JEN,ad song,.384,.61459124,64
JEN01,1,1,JEN,id song,.62790698,.61459124,64
JEN01,0,1,JEN,id speech,.68456376,.61459124,64
JEN02,1,0,JEN,ad song,.68932039,.61459124,64
JEN02,1,1,JEN,id song,.21153846,.61459124,64
JEN03,1,0,JEN,ad song,.66666669,.61459124,64
JEN03,1,1,JEN,id song,.80291969,.61459124,64
JEN04,1,0,JEN,ad song,.93913043,.61459124,64
JEN04,0,0,JEN,ad speech,.33333334,.61459124,64
JEN04,1,1,JEN,id song,.9579832,.61459124,64
JEN05,1,0,JEN,ad song,.61538464,.61459124,64
JEN05,1,1,JEN,id song,.56204379,.61459124,64
JEN06,0,0,JEN,ad speech,.16981132,.61459124,64
JEN06,1,1,JEN,id song,.8984375,.61459124,64
JEN06,0,1,JEN,id speech,.68085104,.61459124,64
JEN07,1,0,JEN,ad song,.75,.61459124,64
JEN07,0,0,JEN,ad speech,.21551724,.61459124,64
JEN07,1,1,JEN,id song,.7421875,.61459124,64
JEN07,0,1,JEN,id speech,.49342105,.61459124,64
JEN08,1,0,JEN,ad song,.67346936,.61459124,64
JEN08,0,0,JEN,ad speech,.407767,.61459124,64
JEN08,1,1,JEN,id song,.60000002,.61459124,64
JEN09,1,0,JEN,ad song,.44036698,.61459124,64
JEN09,1,1,JEN,id song,.55000001,.61459124,64
JEN09,0,1,JEN,id speech,.48039216,.61459124,64
JEN10,1,0,JEN,ad song,.58490568,.61459124,64
JEN10,0,0,JEN,ad speech,.48181817,.61459124,64
JEN10,1,1,JEN,id song,.63909775,.61459124,64
JEN10,0,1,JEN,id speech,.55118108,.61459124,64
JEN11,1,0,JEN,ad song,.49137932,.61459124,64
JEN11,0,0,JEN,ad speech,.26190478,.61459124,64
JEN11,1,1,JEN,id song,.82481754,.61459124,64
JEN11,0,1,JEN,id speech,.76973683,.61459124,64
JEN12,1,0,JEN,ad song,.55555558,.61459124,64
JEN12,0,0,JEN,ad speech,.33018869,.61459124,64
JEN12,1,1,JEN,id song,.7079646,.61459124,64
JEN12,0,1,JEN,id speech,.71666664,.61459124,64
JEN13,1,0,JEN,ad song,.68686867,.61459124,64
JEN13,0,0,JEN,ad speech,.5043478,.61459124,64
JEN13,1,1,JEN,id song,.80314958,.61459124,64
JEN14,1,0,JEN,ad song,.66666669,.61459124,64
JEN14,0,0,JEN,ad speech,.12612613,.61459124,64
JEN14,1,1,JEN,id song,.71739131,.61459124,64
JEN15,1,0,JEN,ad song,.94117647,.61459124,64
JEN15,0,0,JEN,ad speech,.49122807,.61459124,64
JEN15,1,1,JEN,id song,.8217054,.61459124,64
JEN15,0,1,JEN,id speech,.86614174,.61459124,64
JEN16,1,0,JEN,ad song,.76521736,.61459124,64
JEN16,0,0,JEN,ad speech,.33913043,.61459124,64
JEN16,1,1,JEN,id song,.8230769,.61459124,64
JEN17,1,0,JEN,ad song,.85000002,.61459124,64
JEN17,0,0,JEN,ad speech,.80327868,.61459124,64
JEN17,1,1,JEN,id song,.69918698,.61459124,64
JEN17,0,1,JEN,id speech,.89583331,.61459124,64
JEN18,1,0,JEN,ad song,.57024795,.61459124,64
JEN18,0,0,JEN,ad speech,.1981982,.61459124,64
JEN18,1,1,JEN,id song,.78294575,.61459124,64
JEN18,0,1,JEN,id speech,.58088237,.61459124,64
JEN19,1,0,JEN,ad song,.73913044,.61459124,64
JEN19,0,0,JEN,ad speech,.15887851,.61459124,64
JEN19,1,1,JEN,id song,.69465649,.61459124,64
JEN20,1,0,JEN,ad song,.83471072,.61459124,64
JEN20,1,1,JEN,id song,.86046511,.61459124,64
JEN20,0,1,JEN,id speech,.62096775,.61459124,64
KRA01,1,1,KRA,id song,.3125,.61876202,40
KRA02,1,0,KRA,ad song,.52380955,.61876202,40
KRA02,0,0,KRA,ad speech,.11538462,.61876202,40
KRA02,1,1,KRA,id song,.6936937,.61876202,40
KRA02,0,1,KRA,id speech,.67647058,.61876202,40
KRA03,1,0,KRA,ad song,.54621851,.61876202,40
KRA03,0,0,KRA,ad speech,.14018692,.61876202,40
KRA03,1,1,KRA,id song,.92647058,.61876202,40
KRA03,0,1,KRA,id speech,.69999999,.61876202,40
KRA04,1,0,KRA,ad song,.78740156,.61876202,40
KRA04,0,0,KRA,ad speech,.41052631,.61876202,40
KRA04,1,1,KRA,id song,.88188976,.61876202,40
KRA04,0,1,KRA,id speech,.91111112,.61876202,40
KRA05,1,0,KRA,ad song,.80158728,.61876202,40
KRA05,0,0,KRA,ad speech,.40350878,.61876202,40
KRA05,1,1,KRA,id song,.92913383,.61876202,40
KRA05,0,1,KRA,id speech,.73943663,.61876202,40
KRA06,1,0,KRA,ad song,.5,.61876202,40
KRA06,1,1,KRA,id song,.83783782,.61876202,40
KRA06,0,1,KRA,id speech,.90677965,.61876202,40
KRA07,1,0,KRA,ad song,.47999999,.61876202,40
KRA07,0,0,KRA,ad speech,.08421053,.61876202,40
KRA07,1,1,KRA,id song,.90277779,.61876202,40
KRA07,0,1,KRA,id speech,.93288589,.61876202,40
KRA08,1,0,KRA,ad song,.6857143,.61876202,40
KRA08,0,0,KRA,ad speech,.3888889,.61876202,40
KRA08,1,1,KRA,id song,.83969468,.61876202,40
KRA08,0,1,KRA,id speech,.68695652,.61876202,40
KRA09,1,0,KRA,ad song,.68907565,.61876202,40
KRA09,0,0,KRA,ad speech,.14406779,.61876202,40
KRA09,1,1,KRA,id song,.80487806,.61876202,40
KRA09,0,1,KRA,id speech,.9029851,.61876202,40
KRA10,1,0,KRA,ad song,.42276424,.61876202,40
KRA10,0,0,KRA,ad speech,.054545455,.61876202,40
KRA10,1,1,KRA,id song,.74418604,.61876202,40
KRA10,0,1,KRA,id speech,.44,.61876202,40
KRA11,1,0,KRA,ad song,.71212119,.61876202,40
KRA11,0,0,KRA,ad speech,.33009708,.61876202,40
KRA11,1,1,KRA,id song,.91452992,.61876202,40
KRA11,0,1,KRA,id speech,.84615386,.61876202,40
LIM01,1,0,LIM,ad song,.4296875,.56268847,53
LIM01,0,0,LIM,ad speech,.22330096,.56268847,53
LIM01,1,1,LIM,id song,.60000002,.56268847,53
LIM01,0,1,LIM,id speech,.76377952,.56268847,53
LIM02,1,0,LIM,ad song,.72881359,.56268847,53
LIM02,0,0,LIM,ad speech,.14529915,.56268847,53
LIM02,1,1,LIM,id song,.93495935,.56268847,53
LIM02,0,1,LIM,id speech,.90476191,.56268847,53
LIM03,1,0,LIM,ad song,.59504133,.56268847,53
LIM03,1,1,LIM,id song,.79562044,.56268847,53
LIM03,0,1,LIM,id speech,.85039371,.56268847,53
LIM04,0,0,LIM,ad speech,.16190477,.56268847,53
LIM04,1,1,LIM,id song,.89430892,.56268847,53
LIM04,0,1,LIM,id speech,.60305345,.56268847,53
LIM05,1,0,LIM,ad song,.77611941,.56268847,53
LIM05,0,0,LIM,ad speech,.20408164,.56268847,53
LIM05,1,1,LIM,id song,.92241377,.56268847,53
LIM05,0,1,LIM,id speech,.92682928,.56268847,53
LIM06,1,0,LIM,ad song,.50427353,.56268847,53
LIM06,0,0,LIM,ad speech,.09375,.56268847,53
LIM06,1,1,LIM,id song,.74825174,.56268847,53
LIM06,0,1,LIM,id speech,.90163934,.56268847,53
LIM07,1,0,LIM,ad song,.52678573,.56268847,53
LIM07,0,0,LIM,ad speech,.21495327,.56268847,53
LIM07,1,1,LIM,id song,.89781022,.56268847,53
LIM07,0,1,LIM,id speech,.75409836,.56268847,53
LIM08,1,0,LIM,ad song,.49107143,.56268847,53
LIM08,0,0,LIM,ad speech,.31067961,.56268847,53
LIM08,1,1,LIM,id song,.88275862,.56268847,53
LIM08,0,1,LIM,id speech,.88805968,.56268847,53
LIM09,1,0,LIM,ad song,.61983472,.56268847,53
LIM09,0,0,LIM,ad speech,.03809524,.56268847,53
LIM09,1,1,LIM,id song,.76744187,.56268847,53
LIM09,0,1,LIM,id speech,.751634,.56268847,53
LIM10,1,0,LIM,ad song,.62962961,.56268847,53
LIM10,0,0,LIM,ad speech,.15929204,.56268847,53
LIM10,1,1,LIM,id song,.85507244,.56268847,53
LIM10,0,1,LIM,id speech,.89430892,.56268847,53
LIM11,1,0,LIM,ad song,.49264705,.56268847,53
LIM11,0,0,LIM,ad speech,.080808081,.56268847,53
LIM11,1,1,LIM,id song,.82835823,.56268847,53
LIM11,0,1,LIM,id speech,.5945946,.56268847,53
LIM12,1,0,LIM,ad song,.34400001,.56268847,53
LIM12,0,0,LIM,ad speech,.11023622,.56268847,53
LIM12,1,1,LIM,id song,.81954885,.56268847,53
LIM12,0,1,LIM,id speech,.75396824,.56268847,53
LIM13,1,0,LIM,ad song,.26732674,.56268847,53
LIM13,0,0,LIM,ad speech,.11764706,.56268847,53
LIM13,1,1,LIM,id song,.79130435,.56268847,53
LIM13,0,1,LIM,id speech,.52554744,.56268847,53
LIM14,0,0,LIM,ad speech,.055555556,.56268847,53
LIM14,1,1,LIM,id song,.57971013,.56268847,53
LIM14,0,1,LIM,id speech,.071428575,.56268847,53
MBE01,1,1,MBE,id song,.4649123,.50964624,50
MBE01,0,1,MBE,id speech,.35593221,.50964624,50
MBE02,1,0,MBE,ad song,.32352942,.50964624,50
MBE02,0,0,MBE,ad speech,.22314049,.50964624,50
MBE02,1,1,MBE,id song,.55555558,.50964624,50
MBE03,1,0,MBE,ad song,.58088237,.50964624,50
MBE03,1,1,MBE,id song,.74825174,.50964624,50
MBE04,1,0,MBE,ad song,.46153846,.50964624,50
MBE04,0,0,MBE,ad speech,.71311474,.50964624,50
MBE04,1,1,MBE,id song,.66906476,.50964624,50
MBE04,0,1,MBE,id speech,.14173229,.50964624,50
MBE05,1,0,MBE,ad song,.5,.50964624,50
MBE05,1,1,MBE,id song,.81481481,.50964624,50
MBE05,0,1,MBE,id speech,.40441176,.50964624,50
MBE06,1,0,MBE,ad song,.79136693,.50964624,50
MBE06,0,0,MBE,ad speech,.19607843,.50964624,50
MBE06,1,1,MBE,id song,.70212764,.50964624,50
MBE06,0,1,MBE,id speech,.47107437,.50964624,50
MBE07,1,0,MBE,ad song,.44230768,.50964624,50
MBE07,0,0,MBE,ad speech,.33333334,.50964624,50
MBE07,1,1,MBE,id song,.66896552,.50964624,50
MBE07,0,1,MBE,id speech,.46153846,.50964624,50
MBE08,1,0,MBE,ad song,.80508476,.50964624,50
MBE08,1,1,MBE,id song,.72794116,.50964624,50
MBE08,0,1,MBE,id speech,.62295079,.50964624,50
MBE09,1,0,MBE,ad song,.6226415,.50964624,50
MBE09,1,1,MBE,id song,.68345326,.50964624,50
MBE09,0,1,MBE,id speech,.54263568,.50964624,50
MBE10,1,0,MBE,ad song,.16814159,.50964624,50
MBE10,0,0,MBE,ad speech,.14166667,.50964624,50
MBE10,1,1,MBE,id song,.37692308,.50964624,50
MBE11,1,0,MBE,ad song,.82089549,.50964624,50
MBE11,0,0,MBE,ad speech,.2631579,.50964624,50
MBE11,1,1,MBE,id song,.61481482,.50964624,50
MBE12,1,0,MBE,ad song,.62626261,.50964624,50
MBE12,0,0,MBE,ad speech,.65306121,.50964624,50
MBE12,1,1,MBE,id song,.71304345,.50964624,50
MBE12,0,1,MBE,id speech,.58273381,.50964624,50
MBE13,1,0,MBE,ad song,.87401575,.50964624,50
MBE13,0,0,MBE,ad speech,.2248062,.50964624,50
MBE13,1,1,MBE,id song,.56521738,.50964624,50
MBE13,0,1,MBE,id speech,.26923078,.50964624,50
MBE14,1,0,MBE,ad song,.32173914,.50964624,50
MBE14,0,0,MBE,ad speech,.2184874,.50964624,50
MBE14,1,1,MBE,id song,.90265489,.50964624,50
MBE14,0,1,MBE,id speech,.30496454,.50964624,50
MBE15,1,0,MBE,ad song,.70634919,.50964624,50
MBE15,0,0,MBE,ad speech,.23728813,.50964624,50
MBE15,1,1,MBE,id song,.71014494,.50964624,50
MBE15,0,1,MBE,id speech,.15833333,.50964624,50
MEN01,1,0,MEN,ad song,.61165047,.50678718,55
MEN01,0,0,MEN,ad speech,.14130434,.50678718,55
MEN01,1,1,MEN,id song,.90476191,.50678718,55
MEN01,0,1,MEN,id speech,.81818181,.50678718,55
MEN02,1,0,MEN,ad song,.78070176,.50678718,55
MEN02,0,0,MEN,ad speech,.31531531,.50678718,55
MEN02,1,1,MEN,id song,.7364341,.50678718,55
MEN02,0,1,MEN,id speech,.41732284,.50678718,55
MEN03,1,0,MEN,ad song,.82677168,.50678718,55
MEN03,0,0,MEN,ad speech,.22429906,.50678718,55
MEN03,1,1,MEN,id song,.58536583,.50678718,55
MEN04,1,0,MEN,ad song,.63076925,.50678718,55
MEN04,0,0,MEN,ad speech,.28688523,.50678718,55
MEN04,1,1,MEN,id song,.58064514,.50678718,55
MEN04,0,1,MEN,id speech,.24264705,.50678718,55
MEN05,1,0,MEN,ad song,.80000001,.50678718,55
MEN05,0,0,MEN,ad speech,.26213592,.50678718,55
MEN05,1,1,MEN,id song,.648,.50678718,55
MEN05,0,1,MEN,id speech,.43382353,.50678718,55
MEN06,1,0,MEN,ad song,.88983053,.50678718,55
MEN06,0,0,MEN,ad speech,.32307693,.50678718,55
MEN06,1,1,MEN,id song,.61904764,.50678718,55
MEN07,1,0,MEN,ad song,.66129035,.50678718,55
MEN07,0,0,MEN,ad speech,.23770492,.50678718,55
MEN07,1,1,MEN,id song,.71428573,.50678718,55
MEN07,0,1,MEN,id speech,.28671327,.50678718,55
MEN08,1,0,MEN,ad song,.70769233,.50678718,55
MEN08,0,0,MEN,ad speech,.37903225,.50678718,55
MEN08,1,1,MEN,id song,.75,.50678718,55
MEN08,0,1,MEN,id speech,.26277372,.50678718,55
MEN09,1,0,MEN,ad song,.69105691,.50678718,55
MEN09,0,0,MEN,ad speech,.24242425,.50678718,55
MEN09,1,1,MEN,id song,.780303,.50678718,55
MEN10,1,0,MEN,ad song,.90082645,.50678718,55
MEN10,0,0,MEN,ad speech,.30833334,.50678718,55
MEN10,1,1,MEN,id song,.609375,.50678718,55
MEN10,0,1,MEN,id speech,.5714286,.50678718,55
MEN11,1,0,MEN,ad song,.68518519,.50678718,55
MEN11,0,0,MEN,ad speech,.25925925,.50678718,55
MEN11,1,1,MEN,id song,.52631581,.50678718,55
MEN11,0,1,MEN,id speech,.10619469,.50678718,55
MEN12,1,0,MEN,ad song,.6160714,.50678718,55
MEN12,0,0,MEN,ad speech,.18867925,.50678718,55
MEN12,1,1,MEN,id song,.33684212,.50678718,55
MEN12,0,1,MEN,id speech,.094890513,.50678718,55
MEN13,1,0,MEN,ad song,.79245281,.50678718,55
MEN13,0,0,MEN,ad speech,.46610171,.50678718,55
MEN13,1,1,MEN,id song,.41984734,.50678718,55
MEN13,0,1,MEN,id speech,.20634921,.50678718,55
MEN14,1,0,MEN,ad song,.36290324,.50678718,55
MEN14,0,0,MEN,ad speech,.065420561,.50678718,55
MEN14,1,1,MEN,id song,.42735043,.50678718,55
MEN15,1,0,MEN,ad song,.71818179,.50678718,55
MEN15,0,0,MEN,ad speech,.74789917,.50678718,55
MEN15,1,1,MEN,id song,.67114097,.50678718,55
MES01,1,1,MES,id song,.77099234,.42242455,22
MES02,1,0,MES,ad song,.2173913,.42242455,22
MES02,0,0,MES,ad speech,.18000001,.42242455,22
MES02,1,1,MES,id song,.86923075,.42242455,22
MES02,0,1,MES,id speech,.41538462,.42242455,22
MES03,1,0,MES,ad song,.31858408,.42242455,22
MES03,0,0,MES,ad speech,.10679612,.42242455,22
MES03,0,1,MES,id speech,.67500001,.42242455,22
MES04,0,0,MES,ad speech,.05882353,.42242455,22
MES04,0,1,MES,id speech,.29032257,.42242455,22
MES05,1,0,MES,ad song,.43103448,.42242455,22
MES05,0,0,MES,ad speech,.33057851,.42242455,22
MES05,1,1,MES,id song,.88793105,.42242455,22
MES05,0,1,MES,id speech,.264,.42242455,22
MES06,1,1,MES,id song,.7153846,.42242455,22
MES07,1,0,MES,ad song,.42574257,.42242455,22
MES07,0,0,MES,ad speech,.081818178,.42242455,22
MES08,1,1,MES,id song,.71052629,.42242455,22
MES09,1,1,MES,id song,.22834645,.42242455,22
MES10,0,0,MES,ad speech,.17699115,.42242455,22
MES10,1,1,MES,id song,.60000002,.42242455,22
MES11,1,0,MES,ad song,.53846157,.42242455,22
NYA01,1,0,NYA,ad song,.68656719,.52439559,54
NYA01,0,0,NYA,ad speech,.2962963,.52439559,54
NYA01,1,1,NYA,id song,.8854962,.52439559,54
NYA01,0,1,NYA,id speech,.45112783,.52439559,54
NYA02,1,0,NYA,ad song,.6796875,.52439559,54
NYA02,0,0,NYA,ad speech,.37254903,.52439559,54
NYA02,1,1,NYA,id song,.84347826,.52439559,54
NYA02,0,1,NYA,id speech,.4765625,.52439559,54
NYA03,1,0,NYA,ad song,.82539684,.52439559,54
NYA03,0,0,NYA,ad speech,.27272728,.52439559,54
NYA03,1,1,NYA,id song,.45901638,.52439559,54
NYA03,0,1,NYA,id speech,.23577236,.52439559,54
NYA04,1,0,NYA,ad song,.6160714,.52439559,54
NYA04,0,0,NYA,ad speech,.23300971,.52439559,54
NYA04,1,1,NYA,id song,.49606299,.52439559,54
NYA04,0,1,NYA,id speech,.736,.52439559,54
NYA05,1,0,NYA,ad song,.62393165,.52439559,54
NYA05,0,0,NYA,ad speech,.38095239,.52439559,54
NYA05,1,1,NYA,id song,.46527779,.52439559,54
NYA05,0,1,NYA,id speech,.52985072,.52439559,54
NYA06,1,0,NYA,ad song,.66942149,.52439559,54
NYA06,0,0,NYA,ad speech,.20149253,.52439559,54
NYA06,1,1,NYA,id song,.85000002,.52439559,54
NYA06,0,1,NYA,id speech,.24166666,.52439559,54
NYA07,1,0,NYA,ad song,.91588783,.52439559,54
NYA07,0,0,NYA,ad speech,.30578512,.52439559,54
NYA07,1,1,NYA,id song,.73426574,.52439559,54
NYA07,0,1,NYA,id speech,.19642857,.52439559,54
NYA08,1,0,NYA,ad song,.84615386,.52439559,54
NYA08,0,0,NYA,ad speech,.17757009,.52439559,54
NYA08,1,1,NYA,id song,.79389316,.52439559,54
NYA08,0,1,NYA,id speech,.2635659,.52439559,54
NYA09,1,0,NYA,ad song,.76146787,.52439559,54
NYA09,0,0,NYA,ad speech,.24561404,.52439559,54
NYA09,1,1,NYA,id song,.73648649,.52439559,54
NYA09,0,1,NYA,id speech,.34400001,.52439559,54
NYA10,1,0,NYA,ad song,.52631581,.52439559,54
NYA10,0,0,NYA,ad speech,.1637931,.52439559,54
NYA10,1,1,NYA,id song,.75757575,.52439559,54
NYA10,0,1,NYA,id speech,.22292994,.52439559,54
NYA11,1,0,NYA,ad song,.89380533,.52439559,54
NYA11,0,0,NYA,ad speech,.55932206,.52439559,54
NYA11,1,1,NYA,id song,.72727275,.52439559,54
NYA11,0,1,NYA,id speech,.26530612,.52439559,54
NYA12,1,0,NYA,ad song,.77450979,.52439559,54
NYA12,0,0,NYA,ad speech,.32978722,.52439559,54
NYA12,1,1,NYA,id song,.64227641,.52439559,54
NYA12,0,1,NYA,id speech,.39097744,.52439559,54
NYA13,1,0,NYA,ad song,.48412699,.52439559,54
NYA13,1,1,NYA,id song,.8442623,.52439559,54
NYA14,1,0,NYA,ad song,.49166667,.52439559,54
NYA14,0,0,NYA,ad speech,.25490198,.52439559,54
NYA14,1,1,NYA,id song,.90123457,.52439559,54
NYA14,0,1,NYA,id speech,.23776224,.52439559,54
PNG01,1,0,PNG,ad song,.20952381,.46987292,21
PNG01,0,0,PNG,ad speech,.25833333,.46987292,21
PNG01,1,1,PNG,id song,.71311474,.46987292,21
PNG01,0,1,PNG,id speech,.68115944,.46987292,21
PNG02,1,1,PNG,id song,.53846157,.46987292,21
PNG02,0,1,PNG,id speech,.73770493,.46987292,21
PNG03,1,0,PNG,ad song,.2,.46987292,21
PNG03,0,0,PNG,ad speech,.060869563,.46987292,21
PNG03,1,1,PNG,id song,.25396827,.46987292,21
PNG03,0,1,PNG,id speech,.86131388,.46987292,21
PNG04,1,0,PNG,ad song,.38759691,.46987292,21
PNG04,0,0,PNG,ad speech,.2038835,.46987292,21
PNG04,1,1,PNG,id song,.67567569,.46987292,21
PNG05,1,0,PNG,ad song,.71428573,.46987292,21
PNG05,0,0,PNG,ad speech,.51999998,.46987292,21
PNG05,1,1,PNG,id song,.68333334,.46987292,21
PNG05,0,1,PNG,id speech,.47499999,.46987292,21
PNG06,1,0,PNG,ad song,.36885247,.46987292,21
PNG06,0,0,PNG,ad speech,.18604651,.46987292,21
PNG06,1,1,PNG,id song,.75238097,.46987292,21
PNG06,0,1,PNG,id speech,.38582677,.46987292,21
QUE05,0,0,QUE,ad speech,.0625,.40139306,19
QUE07,0,0,QUE,ad speech,.087378643,.40139306,19
QUE07,1,1,QUE,id song,.73728812,.40139306,19
QUE08,0,0,QUE,ad speech,.15044248,.40139306,19
QUE08,1,1,QUE,id song,.82758623,.40139306,19
QUE09,0,0,QUE,ad speech,.12977099,.40139306,19
QUE10,0,0,QUE,ad speech,.1010101,.40139306,19
QUE11,0,0,QUE,ad speech,.18181819,.40139306,19
QUE13,1,0,QUE,ad song,.76666665,.40139306,19
QUE13,0,0,QUE,ad speech,.22834645,.40139306,19
QUE14,0,0,QUE,ad speech,.18103448,.40139306,19
QUE14,1,1,QUE,id song,.77165353,.40139306,19
QUE16,1,0,QUE,ad song,.82706767,.40139306,19
QUE16,0,0,QUE,ad speech,.11607143,.40139306,19
QUE16,1,1,QUE,id song,.21666667,.40139306,19
QUE16,0,1,QUE,id speech,.13286713,.40139306,19
QUE18,1,0,QUE,ad song,.85714287,.40139306,19
QUE18,1,1,QUE,id song,.89115644,.40139306,19
QUE19,0,0,QUE,ad speech,.36000001,.40139306,19
SPA01,1,0,SPA,ad song,.78095239,.63718677,51
SPA01,0,0,SPA,ad speech,.2972973,.63718677,51
SPA01,1,1,SPA,id song,.7647059,.63718677,51
SPA02,1,0,SPA,ad song,.84732825,.63718677,51
SPA02,0,0,SPA,ad speech,.23595506,.63718677,51
SPA02,1,1,SPA,id song,.96350366,.63718677,51
SPA02,0,1,SPA,id speech,.086206898,.63718677,51
SPA03,1,0,SPA,ad song,.87179488,.63718677,51
SPA03,0,0,SPA,ad speech,.75396824,.63718677,51
SPA03,1,1,SPA,id song,.96610171,.63718677,51
SPA03,0,1,SPA,id speech,.93162394,.63718677,51
SPA04,1,0,SPA,ad song,.83035713,.63718677,51
SPA04,0,0,SPA,ad speech,.20652173,.63718677,51
SPA04,1,1,SPA,id song,.89705884,.63718677,51
SPA05,1,0,SPA,ad song,.824,.63718677,51
SPA05,0,0,SPA,ad speech,.37815127,.63718677,51
SPA05,1,1,SPA,id song,.71317828,.63718677,51
SPA05,0,1,SPA,id speech,.16814159,.63718677,51
SPA06,1,0,SPA,ad song,.80152673,.63718677,51
SPA06,0,0,SPA,ad speech,.16190477,.63718677,51
SPA06,1,1,SPA,id song,.90909094,.63718677,51
SPA06,0,1,SPA,id speech,.19,.63718677,51
SPA07,1,1,SPA,id song,.91044778,.63718677,51
SPA08,1,0,SPA,ad song,.85600001,.63718677,51
SPA08,0,0,SPA,ad speech,.47747749,.63718677,51
SPA08,1,1,SPA,id song,.91525424,.63718677,51
SPA08,0,1,SPA,id speech,.30894309,.63718677,51
SPA09,1,0,SPA,ad song,.7368421,.63718677,51
SPA09,0,0,SPA,ad speech,.3539823,.63718677,51
SPA09,1,1,SPA,id song,.8101266,.63718677,51
SPA09,0,1,SPA,id speech,.24161074,.63718677,51
SPA10,1,0,SPA,ad song,.63333333,.63718677,51
SPA10,0,0,SPA,ad speech,.92592591,.63718677,51
SPA10,1,1,SPA,id song,.625,.63718677,51
SPA10,0,1,SPA,id speech,.21929824,.63718677,51
SPA11,1,0,SPA,ad song,.88636363,.63718677,51
SPA11,0,0,SPA,ad speech,.36956522,.63718677,51
SPA11,1,1,SPA,id song,.84962404,.63718677,51
SPA11,0,1,SPA,id speech,.39568347,.63718677,51
SPA12,1,0,SPA,ad song,.84920633,.63718677,51
SPA12,0,0,SPA,ad speech,.31060606,.63718677,51
SPA12,1,1,SPA,id song,.90849674,.63718677,51
SPA12,0,1,SPA,id speech,.89763778,.63718677,51
SPA13,1,0,SPA,ad song,.87903225,.63718677,51
SPA13,0,0,SPA,ad speech,.48837209,.63718677,51
SPA14,1,0,SPA,ad song,.83193278,.63718677,51
SPA14,1,1,SPA,id song,.95275593,.63718677,51
SPA15,1,0,SPA,ad song,.71074378,.63718677,51
SPA15,0,0,SPA,ad speech,.1754386,.63718677,51
SPA15,1,1,SPA,id song,.78807944,.63718677,51
SPA15,0,1,SPA,id speech,.609375,.63718677,51
TOP01,1,0,TOP,ad song,.65693432,.56062984,52
TOP01,0,0,TOP,ad speech,.32539684,.56062984,52
TOP01,1,1,TOP,id song,.49253732,.56062984,52
TOP02,1,0,TOP,ad song,.71428573,.56062984,52
TOP02,1,1,TOP,id song,.88805968,.56062984,52
TOP02,0,1,TOP,id speech,.25,.56062984,52
TOP03,1,0,TOP,ad song,.81481481,.56062984,52
TOP03,0,0,TOP,ad speech,.24324325,.56062984,52
TOP03,1,1,TOP,id song,.76978415,.56062984,52
TOP03,0,1,TOP,id speech,.45112783,.56062984,52
TOP04,1,0,TOP,ad song,.59663868,.56062984,52
TOP04,1,1,TOP,id song,.64393938,.56062984,52
TOP05,1,0,TOP,ad song,.84732825,.56062984,52
TOP05,0,0,TOP,ad speech,.23214285,.56062984,52
TOP05,1,1,TOP,id song,.44360903,.56062984,52
TOP05,0,1,TOP,id speech,.83448273,.56062984,52
TOP06,1,0,TOP,ad song,.74137932,.56062984,52
TOP06,0,0,TOP,ad speech,.2037037,.56062984,52
TOP06,1,1,TOP,id song,.81366462,.56062984,52
TOP06,0,1,TOP,id speech,.26605505,.56062984,52
TOP07,1,0,TOP,ad song,.61151081,.56062984,52
TOP07,1,1,TOP,id song,.69158876,.56062984,52
TOP08,1,0,TOP,ad song,.6640625,.56062984,52
TOP08,0,0,TOP,ad speech,.2820513,.56062984,52
TOP08,1,1,TOP,id song,.75,.56062984,52
TOP08,0,1,TOP,id speech,.28787878,.56062984,52
TOP09,1,0,TOP,ad song,.75728154,.56062984,52
TOP09,0,0,TOP,ad speech,.23728813,.56062984,52
TOP09,1,1,TOP,id song,.7518248,.56062984,52
TOP09,0,1,TOP,id speech,.42063493,.56062984,52
TOP10,1,0,TOP,ad song,.67716533,.56062984,52
TOP10,0,0,TOP,ad speech,.45631069,.56062984,52
TOP10,1,1,TOP,id song,.84033614,.56062984,52
TOP11,1,0,TOP,ad song,.63846153,.56062984,52
TOP11,0,0,TOP,ad speech,.23931624,.56062984,52
TOP11,1,1,TOP,id song,.734375,.56062984,52
TOP11,0,1,TOP,id speech,.47794119,.56062984,52
TOP12,1,0,TOP,ad song,.66964287,.56062984,52
TOP12,0,0,TOP,ad speech,.44642857,.56062984,52
TOP12,1,1,TOP,id song,.86554623,.56062984,52
TOP12,0,1,TOP,id speech,.3671875,.56062984,52
TOP13,1,0,TOP,ad song,.375,.56062984,52
TOP13,0,0,TOP,ad speech,.1570248,.56062984,52
TOP13,1,1,TOP,id song,.57017541,.56062984,52
TOP13,0,1,TOP,id speech,.50694442,.56062984,52
TOP14,1,0,TOP,ad song,.6964286,.56062984,52
TOP14,0,0,TOP,ad speech,.78991598,.56062984,52
TOP14,1,1,TOP,id song,.94074076,.56062984,52
TOP14,0,1,TOP,id speech,.45967743,.56062984,52
TOP15,1,0,TOP,ad song,.54700857,.56062984,52
TOP15,1,1,TOP,id song,.53600001,.56062984,52
TOP15,0,1,TOP,id speech,.4778761,.56062984,52
TOR01,1,0,TOR,ad song,.87037039,.62191767,194
TOR01,0,0,TOR,ad speech,.1744186,.62191767,194
TOR01,1,1,TOR,id song,.83495146,.62191767,194
TOR01,0,1,TOR,id speech,.9512195,.62191767,194
TOR02,1,0,TOR,ad song,.25490198,.62191767,194
TOR02,0,0,TOR,ad speech,.32142857,.62191767,194
TOR02,1,1,TOR,id song,.96396399,.62191767,194
TOR02,0,1,TOR,id speech,.84745765,.62191767,194
TOR03,1,0,TOR,ad song,.42857143,.62191767,194
TOR03,0,0,TOR,ad speech,.13541667,.62191767,194
TOR03,1,1,TOR,id song,.91596639,.62191767,194
TOR03,0,1,TOR,id speech,.89655173,.62191767,194
TOR04,1,0,TOR,ad song,.7368421,.62191767,194
TOR04,0,0,TOR,ad speech,.043478262,.62191767,194
TOR04,1,1,TOR,id song,.87719297,.62191767,194
TOR04,0,1,TOR,id speech,.8888889,.62191767,194
TOR05,1,1,TOR,id song,.86614174,.62191767,194
TOR05,0,1,TOR,id speech,.85470086,.62191767,194
TOR06,1,0,TOR,ad song,.36170211,.62191767,194
TOR06,0,0,TOR,ad speech,.4742268,.62191767,194
TOR06,1,1,TOR,id song,.95555556,.62191767,194
TOR06,0,1,TOR,id speech,.98165137,.62191767,194
TOR07,1,0,TOR,ad song,.29906541,.62191767,194
TOR07,0,0,TOR,ad speech,.14,.62191767,194
TOR07,1,1,TOR,id song,.94594592,.62191767,194
TOR07,0,1,TOR,id speech,.94782609,.62191767,194
TOR08,1,0,TOR,ad song,.44915253,.62191767,194
TOR08,0,0,TOR,ad speech,.22105263,.62191767,194
TOR08,1,1,TOR,id song,.77685952,.62191767,194
TOR08,0,1,TOR,id speech,.92000002,.62191767,194
TOR09,1,0,TOR,ad song,.8699187,.62191767,194
TOR09,0,0,TOR,ad speech,.22916667,.62191767,194
TOR09,1,1,TOR,id song,.92660552,.62191767,194
TOR09,0,1,TOR,id speech,.94262296,.62191767,194
TOR10,1,0,TOR,ad song,.85148513,.62191767,194
TOR10,0,0,TOR,ad speech,.04109589,.62191767,194
TOR10,1,1,TOR,id song,.9464286,.62191767,194
TOR10,0,1,TOR,id speech,.92380953,.62191767,194
TOR11,1,0,TOR,ad song,.36036035,.62191767,194
TOR11,0,0,TOR,ad speech,.6226415,.62191767,194
TOR11,1,1,TOR,id song,.94915253,.62191767,194
TOR11,0,1,TOR,id speech,.9130435,.62191767,194
TOR12,1,0,TOR,ad song,.79439253,.62191767,194
TOR12,0,0,TOR,ad speech,.59090906,.62191767,194
TOR12,1,1,TOR,id song,.89430892,.62191767,194
TOR12,0,1,TOR,id speech,.87179488,.62191767,194
TOR13,1,0,TOR,ad song,.78899086,.62191767,194
TOR13,0,0,TOR,ad speech,.021276595,.62191767,194
TOR13,1,1,TOR,id song,.90825689,.62191767,194
TOR13,0,1,TOR,id speech,.93000001,.62191767,194
TOR14,1,0,TOR,ad song,.14285715,.62191767,194
TOR14,0,0,TOR,ad speech,.05102041,.62191767,194
TOR14,1,1,TOR,id song,.87591243,.62191767,194
TOR14,0,1,TOR,id speech,.92920351,.62191767,194
TOR15,1,0,TOR,ad song,.37,.62191767,194
TOR15,0,0,TOR,ad speech,.099009901,.62191767,194
TOR15,1,1,TOR,id song,.95652175,.62191767,194
TOR15,0,1,TOR,id speech,.84070796,.62191767,194
TOR16,1,0,TOR,ad song,.12727273,.62191767,194
TOR16,0,0,TOR,ad speech,.073394492,.62191767,194
TOR16,1,1,TOR,id song,.49579832,.62191767,194
TOR16,0,1,TOR,id speech,.82608694,.62191767,194
TOR17,1,0,TOR,ad song,.43010753,.62191767,194
TOR17,0,0,TOR,ad speech,.14851485,.62191767,194
TOR17,1,1,TOR,id song,.92307693,.62191767,194
TOR17,0,1,TOR,id speech,.9464286,.62191767,194
TOR18,1,0,TOR,ad song,.50574714,.62191767,194
TOR18,0,0,TOR,ad speech,.075000003,.62191767,194
TOR18,1,1,TOR,id song,.89999998,.62191767,194
TOR18,0,1,TOR,id speech,.87199998,.62191767,194
TOR19,1,0,TOR,ad song,.37,.62191767,194
TOR19,0,0,TOR,ad speech,.078947365,.62191767,194
TOR19,1,1,TOR,id song,.84677422,.62191767,194
TOR19,0,1,TOR,id speech,.89830506,.62191767,194
TOR20,1,0,TOR,ad song,.20535715,.62191767,194
TOR20,0,0,TOR,ad speech,.21904762,.62191767,194
TOR20,1,1,TOR,id song,.96268654,.62191767,194
TOR20,0,1,TOR,id speech,.93233085,.62191767,194
TOR21,1,0,TOR,ad song,.85714287,.62191767,194
TOR21,0,0,TOR,ad speech,.20430107,.62191767,194
TOR21,1,1,TOR,id song,.94845361,.62191767,194
TOR21,0,1,TOR,id speech,.90225565,.62191767,194
TOR22,1,0,TOR,ad song,.9099099,.62191767,194
TOR22,0,0,TOR,ad speech,.038834952,.62191767,194
TOR22,1,1,TOR,id song,.92156863,.62191767,194
TOR22,0,1,TOR,id speech,.91111112,.62191767,194
TOR23,1,0,TOR,ad song,.46590909,.62191767,194
TOR23,0,0,TOR,ad speech,.15000001,.62191767,194
TOR23,1,1,TOR,id song,.9191919,.62191767,194
TOR23,0,1,TOR,id speech,.88571429,.62191767,194
TOR24,1,0,TOR,ad song,.43089432,.62191767,194
TOR24,0,0,TOR,ad speech,.08510638,.62191767,194
TOR24,1,1,TOR,id song,.94615382,.62191767,194
TOR24,0,1,TOR,id speech,.7578125,.62191767,194
TOR25,1,0,TOR,ad song,.33636364,.62191767,194
TOR25,0,0,TOR,ad speech,.030612245,.62191767,194
TOR25,1,1,TOR,id song,.8888889,.62191767,194
TOR25,0,1,TOR,id speech,.93859649,.62191767,194
TOR26,1,0,TOR,ad song,.77678573,.62191767,194
TOR26,0,0,TOR,ad speech,.36781609,.62191767,194
TOR26,1,1,TOR,id song,.93700784,.62191767,194
TOR26,0,1,TOR,id speech,.93636364,.62191767,194
TOR27,1,0,TOR,ad song,.41666666,.62191767,194
TOR27,0,0,TOR,ad speech,.041666668,.62191767,194
TOR27,1,1,TOR,id song,.96124029,.62191767,194
TOR27,0,1,TOR,id speech,.95762712,.62191767,194
TOR28,1,0,TOR,ad song,.79816514,.62191767,194
TOR28,0,0,TOR,ad speech,.24509804,.62191767,194
TOR28,1,1,TOR,id song,.87179488,.62191767,194
TOR28,0,1,TOR,id speech,.93548387,.62191767,194
TOR29,1,0,TOR,ad song,.30097088,.62191767,194
TOR29,0,0,TOR,ad speech,.37,.62191767,194
TOR29,1,1,TOR,id song,.96747965,.62191767,194
TOR29,0,1,TOR,id speech,.91346157,.62191767,194
TOR30,1,0,TOR,ad song,.30769232,.62191767,194
TOR30,0,0,TOR,ad speech,.13333334,.62191767,194
TOR30,1,1,TOR,id song,.86885244,.62191767,194
TOR30,0,1,TOR,id speech,.93442625,.62191767,194
TOR31,1,0,TOR,ad song,.2254902,.62191767,194
TOR31,0,0,TOR,ad speech,.39393941,.62191767,194
TOR31,1,1,TOR,id song,1,.62191767,194
TOR31,0,1,TOR,id speech,.90291262,.62191767,194
TOR32,1,0,TOR,ad song,.15957446,.62191767,194
TOR32,0,0,TOR,ad speech,.10526316,.62191767,194
TOR32,1,1,TOR,id song,.92792791,.62191767,194
TOR32,0,1,TOR,id speech,.97321427,.62191767,194
TOR33,1,0,TOR,ad song,.59649122,.62191767,194
TOR33,0,0,TOR,ad speech,.20618556,.62191767,194
TOR33,1,1,TOR,id song,.8888889,.62191767,194
TOR33,0,1,TOR,id speech,.96610171,.62191767,194
TOR34,0,0,TOR,ad speech,.13592233,.62191767,194
TOR34,1,1,TOR,id song,.88709676,.62191767,194
TOR34,0,1,TOR,id speech,.64646465,.62191767,194
TOR35,1,0,TOR,ad song,.34862384,.62191767,194
TOR35,0,0,TOR,ad speech,.27000001,.62191767,194
TOR35,1,1,TOR,id song,.96581197,.62191767,194
TOR35,0,1,TOR,id speech,.94949496,.62191767,194
TOR36,1,0,TOR,ad song,.8018018,.62191767,194
TOR36,0,0,TOR,ad speech,.19387755,.62191767,194
TOR36,1,1,TOR,id song,.875,.62191767,194
TOR36,0,1,TOR,id speech,.87037039,.62191767,194
TOR37,1,0,TOR,ad song,.34042552,.62191767,194
TOR37,0,0,TOR,ad speech,.036363635,.62191767,194
TOR37,1,1,TOR,id song,.89719623,.62191767,194
TOR37,0,1,TOR,id speech,.94392526,.62191767,194
TOR38,1,0,TOR,ad song,.27586207,.62191767,194
TOR38,0,0,TOR,ad speech,.42307693,.62191767,194
TOR38,1,1,TOR,id song,.8761062,.62191767,194
TOR38,0,1,TOR,id speech,.93457943,.62191767,194
TOR39,1,0,TOR,ad song,.40594059,.62191767,194
TOR39,0,0,TOR,ad speech,.25263157,.62191767,194
TOR39,1,1,TOR,id song,.91176468,.62191767,194
TOR39,0,1,TOR,id speech,.91228068,.62191767,194
TOR40,1,1,TOR,id song,.95867771,.62191767,194
TOR40,0,1,TOR,id speech,.88034189,.62191767,194
TOR41,1,0,TOR,ad song,.38,.62191767,194
TOR41,0,0,TOR,ad speech,.034883723,.62191767,194
TOR41,1,1,TOR,id song,.84920633,.62191767,194
TOR41,0,1,TOR,id speech,.80869567,.62191767,194
TOR42,1,0,TOR,ad song,.6825397,.62191767,194
TOR42,0,0,TOR,ad speech,.26881722,.62191767,194
TOR42,1,1,TOR,id song,.89908254,.62191767,194
TOR42,0,1,TOR,id speech,.88181818,.62191767,194
TOR43,1,0,TOR,ad song,.22115384,.62191767,194
TOR43,0,0,TOR,ad speech,.14457831,.62191767,194
TOR43,1,1,TOR,id song,.94871795,.62191767,194
TOR43,0,1,TOR,id speech,.84745765,.62191767,194
TOR44,1,0,TOR,ad song,.26041666,.62191767,194
TOR44,0,0,TOR,ad speech,.11214953,.62191767,194
TOR44,1,1,TOR,id song,.8425926,.62191767,194
TOR44,0,1,TOR,id speech,.92366409,.62191767,194
TOR45,1,0,TOR,ad song,.72727275,.62191767,194
TOR45,0,0,TOR,ad speech,.043103449,.62191767,194
TOR45,1,1,TOR,id song,.97142857,.62191767,194
TOR45,0,1,TOR,id speech,.94736844,.62191767,194
TOR46,1,0,TOR,ad song,.41176471,.62191767,194
TOR46,0,0,TOR,ad speech,.086538464,.62191767,194
TOR46,1,1,TOR,id song,.87603307,.62191767,194
TOR46,0,1,TOR,id speech,.94827586,.62191767,194
TOR47,1,0,TOR,ad song,.49038461,.62191767,194
TOR47,0,0,TOR,ad speech,.074074075,.62191767,194
TOR47,0,1,TOR,id speech,.92561984,.62191767,194
TOR48,1,0,TOR,ad song,.48148149,.62191767,194
TOR48,0,0,TOR,ad speech,.080808081,.62191767,194
TOR48,1,1,TOR,id song,.96850395,.62191767,194
TOR48,0,1,TOR,id speech,.93103451,.62191767,194
TOR49,1,0,TOR,ad song,.81904763,.62191767,194
TOR49,0,0,TOR,ad speech,.07,.62191767,194
TOR49,1,1,TOR,id song,.96938777,.62191767,194
TOR49,0,1,TOR,id speech,.95081967,.62191767,194
TOR50,1,0,TOR,ad song,.25454545,.62191767,194
TOR50,0,0,TOR,ad speech,.044642858,.62191767,194
TOR50,1,1,TOR,id song,.8515625,.62191767,194
TOR50,0,1,TOR,id speech,.89830506,.62191767,194
TSI01,1,0,TSI,ad song,.78899086,.57695532,45
TSI01,0,0,TSI,ad speech,.58947366,.57695532,45
TSI01,1,1,TSI,id song,.8888889,.57695532,45
TSI02,1,0,TSI,ad song,.46902654,.57695532,45
TSI02,0,0,TSI,ad speech,.11214953,.57695532,45
TSI02,1,1,TSI,id song,.71428573,.57695532,45
TSI03,1,0,TSI,ad song,.8888889,.57695532,45
TSI03,0,0,TSI,ad speech,.28318584,.57695532,45
TSI03,1,1,TSI,id song,.87755102,.57695532,45
TSI03,0,1,TSI,id speech,.47457626,.57695532,45
TSI04,1,0,TSI,ad song,.84677422,.57695532,45
TSI04,0,0,TSI,ad speech,.3488372,.57695532,45
TSI04,1,1,TSI,id song,.8828125,.57695532,45
TSI04,0,1,TSI,id speech,.359375,.57695532,45
TSI05,1,0,TSI,ad song,.54621851,.57695532,45
TSI05,0,0,TSI,ad speech,.1574074,.57695532,45
TSI05,1,1,TSI,id song,.68644071,.57695532,45
TSI05,0,1,TSI,id speech,.34126985,.57695532,45
TSI06,1,0,TSI,ad song,.8440367,.57695532,45
TSI06,0,0,TSI,ad speech,.33027524,.57695532,45
TSI06,1,1,TSI,id song,.79850745,.57695532,45
TSI06,0,1,TSI,id speech,.28368795,.57695532,45
TSI07,1,0,TSI,ad song,.65454543,.57695532,45
TSI07,0,0,TSI,ad speech,.33064517,.57695532,45
TSI07,1,1,TSI,id song,.64035088,.57695532,45
TSI08,1,0,TSI,ad song,.87096775,.57695532,45
TSI08,0,0,TSI,ad speech,.52427185,.57695532,45
TSI08,1,1,TSI,id song,.81896549,.57695532,45
TSI08,0,1,TSI,id speech,.28030303,.57695532,45
TSI09,1,0,TSI,ad song,.80833334,.57695532,45
TSI09,1,1,TSI,id song,.72580647,.57695532,45
TSI09,0,1,TSI,id speech,.37692308,.57695532,45
TSI10,1,0,TSI,ad song,.7927928,.57695532,45
TSI11,1,0,TSI,ad song,.62393165,.57695532,45
TSI11,0,0,TSI,ad speech,.32173914,.57695532,45
TSI11,1,1,TSI,id song,.48333332,.57695532,45
TSI11,0,1,TSI,id speech,.62711865,.57695532,45
TSI12,1,0,TSI,ad song,.8611111,.57695532,45
TSI12,0,0,TSI,ad speech,.51327431,.57695532,45
TSI12,1,1,TSI,id song,.7890625,.57695532,45
TSI12,0,1,TSI,id speech,.41025642,.57695532,45
TSI13,1,0,TSI,ad song,.71818179,.57695532,45
TSI13,0,0,TSI,ad speech,.29914531,.57695532,45
TSI13,1,1,TSI,id song,.48760331,.57695532,45
TSI13,0,1,TSI,id speech,.49166667,.57695532,45
TUR01,1,0,TUR,ad song,.66141731,.63712317,79
TUR01,0,0,TUR,ad speech,.5,.63712317,79
TUR01,1,1,TUR,id song,.81818181,.63712317,79
TUR01,0,1,TUR,id speech,.89781022,.63712317,79
TUR02,1,0,TUR,ad song,.89999998,.63712317,79
TUR02,1,1,TUR,id song,.94262296,.63712317,79
TUR02,0,1,TUR,id speech,.96992481,.63712317,79
TUR03,1,0,TUR,ad song,.66423357,.63712317,79
TUR03,0,0,TUR,ad speech,.5925926,.63712317,79
TUR03,1,1,TUR,id song,.87022901,.63712317,79
TUR03,0,1,TUR,id speech,.88976377,.63712317,79
TUR04,1,0,TUR,ad song,.76991153,.63712317,79
TUR04,0,0,TUR,ad speech,.24576271,.63712317,79
TUR04,1,1,TUR,id song,.25409836,.63712317,79
TUR04,0,1,TUR,id speech,.74436092,.63712317,79
TUR05,1,0,TUR,ad song,.18584071,.63712317,79
TUR05,0,0,TUR,ad speech,.10526316,.63712317,79
TUR05,1,1,TUR,id song,.50819671,.63712317,79
TUR05,0,1,TUR,id speech,.76666665,.63712317,79
TUR06,1,0,TUR,ad song,.78899086,.63712317,79
TUR06,0,0,TUR,ad speech,.18446602,.63712317,79
TUR06,1,1,TUR,id song,.95652175,.63712317,79
TUR06,0,1,TUR,id speech,.99199998,.63712317,79
TUR07,1,0,TUR,ad song,.74489796,.63712317,79
TUR07,0,0,TUR,ad speech,.099173553,.63712317,79
TUR07,1,1,TUR,id song,.88235295,.63712317,79
TUR07,0,1,TUR,id speech,.85365856,.63712317,79
TUR08,1,0,TUR,ad song,.75423729,.63712317,79
TUR08,0,0,TUR,ad speech,.19266056,.63712317,79
TUR08,1,1,TUR,id song,.95934957,.63712317,79
TUR08,0,1,TUR,id speech,.5597015,.63712317,79
TUR09,1,0,TUR,ad song,.45689654,.63712317,79
TUR09,0,0,TUR,ad speech,.18627451,.63712317,79
TUR09,1,1,TUR,id song,.64754099,.63712317,79
TUR09,0,1,TUR,id speech,.456,.63712317,79
TUR10,1,0,TUR,ad song,.91071427,.63712317,79
TUR10,0,0,TUR,ad speech,.1574074,.63712317,79
TUR10,1,1,TUR,id song,.92307693,.63712317,79
TUR10,0,1,TUR,id speech,.93617022,.63712317,79
TUR11,1,0,TUR,ad song,.47272727,.63712317,79
TUR11,0,0,TUR,ad speech,.078651689,.63712317,79
TUR11,1,1,TUR,id song,.80158728,.63712317,79
TUR11,0,1,TUR,id speech,.94915253,.63712317,79
TUR12,1,0,TUR,ad song,.37984496,.63712317,79
TUR12,0,0,TUR,ad speech,.3898305,.63712317,79
TUR12,1,1,TUR,id song,.81415927,.63712317,79
TUR12,0,1,TUR,id speech,.5673759,.63712317,79
TUR13,1,0,TUR,ad song,.70992368,.63712317,79
TUR13,0,0,TUR,ad speech,.1262136,.63712317,79
TUR13,1,1,TUR,id song,.92523366,.63712317,79
TUR13,0,1,TUR,id speech,.53846157,.63712317,79
TUR14,1,0,TUR,ad song,.65346533,.63712317,79
TUR14,0,0,TUR,ad speech,.087719299,.63712317,79
TUR14,1,1,TUR,id song,.80000001,.63712317,79
TUR14,0,1,TUR,id speech,.96153843,.63712317,79
TUR15,1,0,TUR,ad song,.63636363,.63712317,79
TUR15,0,0,TUR,ad speech,.53398061,.63712317,79
TUR15,1,1,TUR,id song,.9099099,.63712317,79
TUR15,0,1,TUR,id speech,.73939395,.63712317,79
TUR16,1,0,TUR,ad song,.92741936,.63712317,79
TUR16,0,0,TUR,ad speech,.047619049,.63712317,79
TUR16,1,1,TUR,id song,.90370369,.63712317,79
TUR16,0,1,TUR,id speech,.90845072,.63712317,79
TUR17,1,0,TUR,ad song,.81578946,.63712317,79
TUR17,0,0,TUR,ad speech,.098039217,.63712317,79
TUR17,1,1,TUR,id song,.87199998,.63712317,79
TUR17,0,1,TUR,id speech,.8321678,.63712317,79
TUR18,1,0,TUR,ad song,.83606559,.63712317,79
TUR18,0,0,TUR,ad speech,.41666666,.63712317,79
TUR18,1,1,TUR,id song,.89600003,.63712317,79
TUR18,0,1,TUR,id speech,.625,.63712317,79
TUR19,1,0,TUR,ad song,.82300884,.63712317,79
TUR19,0,0,TUR,ad speech,.33333334,.63712317,79
TUR19,1,1,TUR,id song,.92805755,.63712317,79
TUR19,0,1,TUR,id speech,.94354838,.63712317,79
TUR20,1,0,TUR,ad song,.55084747,.63712317,79
TUR20,0,0,TUR,ad speech,.079545453,.63712317,79
TUR20,1,1,TUR,id song,.7846154,.63712317,79
TUR20,0,1,TUR,id speech,.70634919,.63712317,79
USD01,1,0,USD,ad song,.6122449,.6315245,108
USD01,0,0,USD,ad speech,.095238097,.6315245,108
USD01,1,1,USD,id song,.92380953,.6315245,108
USD01,0,1,USD,id speech,.88461536,.6315245,108
USD02,0,0,USD,ad speech,.20212767,.6315245,108
USD02,1,1,USD,id song,.97435898,.6315245,108
USD02,0,1,USD,id speech,.93442625,.6315245,108
USD03,1,0,USD,ad song,.25,.6315245,108
USD03,0,0,USD,ad speech,.28448275,.6315245,108
USD03,1,1,USD,id song,.93277311,.6315245,108
USD03,0,1,USD,id speech,.96666664,.6315245,108
USD04,1,0,USD,ad song,.23655914,.6315245,108
USD04,0,0,USD,ad speech,.087378643,.6315245,108
USD04,1,1,USD,id song,.88800001,.6315245,108
USD04,0,1,USD,id speech,.96521741,.6315245,108
USD05,1,0,USD,ad song,.70434785,.6315245,108
USD05,0,0,USD,ad speech,.63917524,.6315245,108
USD05,1,1,USD,id song,.93137252,.6315245,108
USD05,0,1,USD,id speech,.90265489,.6315245,108
USD06,1,0,USD,ad song,.39130434,.6315245,108
USD06,0,0,USD,ad speech,.35652173,.6315245,108
USD06,1,1,USD,id song,.96226418,.6315245,108
USD06,0,1,USD,id speech,.95535713,.6315245,108
USD07,1,0,USD,ad song,.85185188,.6315245,108
USD07,0,0,USD,ad speech,.13131313,.6315245,108
USD07,1,1,USD,id song,.86915886,.6315245,108
USD07,0,1,USD,id speech,.93684208,.6315245,108
USD08,1,0,USD,ad song,.088888891,.6315245,108
USD08,0,0,USD,ad speech,.089887641,.6315245,108
USD08,1,1,USD,id song,.75199997,.6315245,108
USD08,0,1,USD,id speech,.86440676,.6315245,108
USD09,1,0,USD,ad song,.77692306,.6315245,108
USD09,1,1,USD,id song,.92523366,.6315245,108
USD10,1,0,USD,ad song,.18947369,.6315245,108
USD10,1,1,USD,id song,.93000001,.6315245,108
USD10,0,1,USD,id speech,.77570093,.6315245,108
USD11,0,0,USD,ad speech,.14423077,.6315245,108
USD11,1,1,USD,id song,.98305082,.6315245,108
USD12,0,0,USD,ad speech,.039215688,.6315245,108
USD12,1,1,USD,id song,.95901638,.6315245,108
USD12,0,1,USD,id speech,.93636364,.6315245,108
USD13,1,0,USD,ad song,.91346157,.6315245,108
USD13,0,0,USD,ad speech,.41573033,.6315245,108
USD13,1,1,USD,id song,.90654206,.6315245,108
USD13,0,1,USD,id speech,.96521741,.6315245,108
USD14,1,0,USD,ad song,.44144145,.6315245,108
USD14,0,0,USD,ad speech,.10091743,.6315245,108
USD14,1,1,USD,id song,.87179488,.6315245,108
USD14,0,1,USD,id speech,.98989898,.6315245,108
USD15,1,0,USD,ad song,.2631579,.6315245,108
USD15,0,0,USD,ad speech,.098214284,.6315245,108
USD15,1,1,USD,id song,.37931034,.6315245,108
USD15,0,1,USD,id speech,.9055118,.6315245,108
USD16,1,0,USD,ad song,.72380954,.6315245,108
USD16,0,0,USD,ad speech,.59183675,.6315245,108
USD16,1,1,USD,id song,.84799999,.6315245,108
USD17,1,0,USD,ad song,.55882353,.6315245,108
USD17,0,0,USD,ad speech,.18478261,.6315245,108
USD17,1,1,USD,id song,.92105263,.6315245,108
USD17,0,1,USD,id speech,.96296299,.6315245,108
USD18,1,0,USD,ad song,.85436893,.6315245,108
USD18,0,0,USD,ad speech,.26785713,.6315245,108
USD18,1,1,USD,id song,.8888889,.6315245,108
USD18,0,1,USD,id speech,.91509432,.6315245,108
USD19,1,0,USD,ad song,.39393941,.6315245,108
USD19,0,0,USD,ad speech,.14736842,.6315245,108
USD19,1,1,USD,id song,.91379309,.6315245,108
USD19,0,1,USD,id speech,.94827586,.6315245,108
USD20,1,0,USD,ad song,.83486241,.6315245,108
USD20,0,0,USD,ad speech,.14736842,.6315245,108
USD20,1,1,USD,id song,.96062994,.6315245,108
USD20,0,1,USD,id speech,.94017094,.6315245,108
USD21,1,0,USD,ad song,.93548387,.6315245,108
USD21,0,0,USD,ad speech,.041237112,.6315245,108
USD21,1,1,USD,id song,.93396229,.6315245,108
USD21,0,1,USD,id speech,.95327103,.6315245,108
USD22,1,0,USD,ad song,.50877196,.6315245,108
USD22,0,0,USD,ad speech,.074468084,.6315245,108
USD22,1,1,USD,id song,.91525424,.6315245,108
USD22,0,1,USD,id speech,.69230771,.6315245,108
USD23,1,0,USD,ad song,.44565219,.6315245,108
USD23,0,0,USD,ad speech,.094736844,.6315245,108
USD23,1,1,USD,id song,.91525424,.6315245,108
USD23,0,1,USD,id speech,.92660552,.6315245,108
USD24,1,0,USD,ad song,.61061949,.6315245,108
USD24,0,0,USD,ad speech,.23762377,.6315245,108
USD24,1,1,USD,id song,.9921875,.6315245,108
USD24,0,1,USD,id speech,.94656491,.6315245,108
USD25,1,0,USD,ad song,.47706422,.6315245,108
USD25,0,0,USD,ad speech,.26530612,.6315245,108
USD25,1,1,USD,id song,.97058821,.6315245,108
USD25,0,1,USD,id speech,.85344827,.6315245,108
USD26,1,0,USD,ad song,.32183909,.6315245,108
USD26,0,0,USD,ad speech,.48958334,.6315245,108
USD26,1,1,USD,id song,.90654206,.6315245,108
USD26,0,1,USD,id speech,.93442625,.6315245,108
USD27,1,0,USD,ad song,.51485151,.6315245,108
USD27,0,0,USD,ad speech,.04255319,.6315245,108
USD27,1,1,USD,id song,.92424244,.6315245,108
USD27,0,1,USD,id speech,.96039605,.6315245,108
USD28,1,0,USD,ad song,.36842105,.6315245,108
USD28,0,0,USD,ad speech,.19277108,.6315245,108
USD28,1,1,USD,id song,.92307693,.6315245,108
USD28,0,1,USD,id speech,.91891891,.6315245,108
USD29,1,0,USD,ad song,.35643566,.6315245,108
USD29,0,0,USD,ad speech,.026785715,.6315245,108
USD29,1,1,USD,id song,.41353384,.6315245,108
USD29,0,1,USD,id speech,.5403226,.6315245,108
VAN01,1,0,VAN,ad song,.78813559,.54688054,85
VAN01,0,0,VAN,ad speech,.38461539,.54688054,85
VAN01,1,1,VAN,id song,.68907565,.54688054,85
VAN01,0,1,VAN,id speech,.83471072,.54688054,85
VAN02,1,0,VAN,ad song,.91666669,.54688054,85
VAN02,0,0,VAN,ad speech,.3888889,.54688054,85
VAN02,1,1,VAN,id song,.8309859,.54688054,85
VAN02,0,1,VAN,id speech,.042735044,.54688054,85
VAN03,0,1,VAN,id speech,.63432837,.54688054,85
VAN04,1,0,VAN,ad song,.89215684,.54688054,85
VAN04,0,0,VAN,ad speech,.25,.54688054,85
VAN04,1,1,VAN,id song,.81538463,.54688054,85
VAN04,0,1,VAN,id speech,.57851237,.54688054,85
VAN05,1,0,VAN,ad song,.7079646,.54688054,85
VAN05,0,0,VAN,ad speech,.78947371,.54688054,85
VAN05,1,1,VAN,id song,.83333331,.54688054,85
VAN05,0,1,VAN,id speech,.70422536,.54688054,85
VAN06,1,0,VAN,ad song,.4952381,.54688054,85
VAN06,0,0,VAN,ad speech,.17699115,.54688054,85
VAN06,1,1,VAN,id song,.68840581,.54688054,85
VAN06,0,1,VAN,id speech,.076190479,.54688054,85
VAN07,1,0,VAN,ad song,.592233,.54688054,85
VAN07,0,0,VAN,ad speech,.17757009,.54688054,85
VAN07,1,1,VAN,id song,.53125,.54688054,85
VAN07,0,1,VAN,id speech,.1300813,.54688054,85
VAN08,1,0,VAN,ad song,.8515625,.54688054,85
VAN08,0,0,VAN,ad speech,.64462811,.54688054,85
VAN08,0,1,VAN,id speech,.264,.54688054,85
VAN09,1,0,VAN,ad song,.80645162,.54688054,85
VAN09,0,0,VAN,ad speech,.26724139,.54688054,85
VAN09,1,1,VAN,id song,.8923077,.54688054,85
VAN09,0,1,VAN,id speech,.23239437,.54688054,85
VAN10,1,0,VAN,ad song,.6509434,.54688054,85
VAN10,0,0,VAN,ad speech,.56692916,.54688054,85
VAN10,1,1,VAN,id song,.47826087,.54688054,85
VAN10,0,1,VAN,id speech,.33870968,.54688054,85
VAN11,1,0,VAN,ad song,.79831934,.54688054,85
VAN11,0,0,VAN,ad speech,.38938054,.54688054,85
VAN11,0,1,VAN,id speech,.14173229,.54688054,85
VAN12,1,0,VAN,ad song,.78571427,.54688054,85
VAN12,0,0,VAN,ad speech,.55000001,.54688054,85
VAN12,1,1,VAN,id song,.65277779,.54688054,85
VAN12,0,1,VAN,id speech,.64197528,.54688054,85
VAN13,1,0,VAN,ad song,.87931037,.54688054,85
VAN13,0,0,VAN,ad speech,.45045045,.54688054,85
VAN13,0,1,VAN,id speech,.13559322,.54688054,85
VAN14,1,0,VAN,ad song,.78813559,.54688054,85
VAN14,0,0,VAN,ad speech,.44859812,.54688054,85
VAN14,1,1,VAN,id song,.73913044,.54688054,85
VAN14,0,1,VAN,id speech,.5905512,.54688054,85
VAN15,1,0,VAN,ad song,.61654133,.54688054,85
VAN15,0,0,VAN,ad speech,.35454544,.54688054,85
VAN15,1,1,VAN,id song,.60000002,.54688054,85
VAN15,0,1,VAN,id speech,.20689656,.54688054,85
VAN16,1,0,VAN,ad song,.73076922,.54688054,85
VAN16,0,0,VAN,ad speech,.13445379,.54688054,85
VAN16,1,1,VAN,id song,.74834436,.54688054,85
VAN16,0,1,VAN,id speech,.20610687,.54688054,85
VAN17,1,0,VAN,ad song,.87943262,.54688054,85
VAN17,0,0,VAN,ad speech,.16964285,.54688054,85
VAN17,1,1,VAN,id song,.76923078,.54688054,85
VAN17,0,1,VAN,id speech,.19672132,.54688054,85
VAN18,1,0,VAN,ad song,.47058824,.54688054,85
VAN18,0,0,VAN,ad speech,.33035713,.54688054,85
VAN18,1,1,VAN,id song,.65600002,.54688054,85
VAN18,0,1,VAN,id speech,.86821705,.54688054,85
VAN19,1,0,VAN,ad song,.8125,.54688054,85
VAN19,0,0,VAN,ad speech,.44827586,.54688054,85
VAN19,1,1,VAN,id song,.56028366,.54688054,85
VAN19,0,1,VAN,id speech,.45522389,.54688054,85
VAN20,1,0,VAN,ad song,.74038464,.54688054,85
VAN20,0,0,VAN,ad speech,.35344827,.54688054,85
VAN20,0,1,VAN,id speech,.38016528,.54688054,85
VAN21,1,0,VAN,ad song,.69166666,.54688054,85
VAN21,0,0,VAN,ad speech,.44347826,.54688054,85
VAN21,1,1,VAN,id song,.7734375,.54688054,85
VAN21,0,1,VAN,id speech,.48101267,.54688054,85
VAN22,1,0,VAN,ad song,.61000001,.54688054,85
VAN22,0,0,VAN,ad speech,.20754717,.54688054,85
VAN22,1,1,VAN,id song,.66666669,.54688054,85
VAN22,0,1,VAN,id speech,.2361111,.54688054,85
VAN23,1,0,VAN,ad song,.80281693,.54688054,85
VAN23,0,0,VAN,ad speech,.46938777,.54688054,85
VAN23,1,1,VAN,id song,.83076924,.54688054,85
VAN23,0,1,VAN,id speech,.64957267,.54688054,85
WEL01,1,0,WEL,ad song,.47222221,.61657429,222
WEL01,0,0,WEL,ad speech,.85714287,.61657429,222
WEL01,1,1,WEL,id song,.984375,.61657429,222
WEL01,0,1,WEL,id speech,.9285714,.61657429,222
WEL02,1,0,WEL,ad song,.28181818,.61657429,222
WEL02,1,1,WEL,id song,.90399998,.61657429,222
WEL03,1,0,WEL,ad song,.69999999,.61657429,222
WEL03,0,0,WEL,ad speech,.80612242,.61657429,222
WEL03,1,1,WEL,id song,.9375,.61657429,222
WEL04,1,0,WEL,ad song,.33333334,.61657429,222
WEL04,0,0,WEL,ad speech,.077777781,.61657429,222
WEL04,1,1,WEL,id song,.91891891,.61657429,222
WEL04,0,1,WEL,id speech,.78947371,.61657429,222
WEL05,1,0,WEL,ad song,.26923078,.61657429,222
WEL05,0,0,WEL,ad speech,.0125,.61657429,222
WEL05,1,1,WEL,id song,.73949581,.61657429,222
WEL06,1,0,WEL,ad song,.32352942,.61657429,222
WEL06,0,0,WEL,ad speech,0,.61657429,222
WEL06,1,1,WEL,id song,.89915967,.61657429,222
WEL06,0,1,WEL,id speech,.71304345,.61657429,222
WEL07,1,0,WEL,ad song,.16666667,.61657429,222
WEL07,0,0,WEL,ad speech,.044444446,.61657429,222
WEL07,1,1,WEL,id song,.91452992,.61657429,222
WEL07,0,1,WEL,id speech,.93577981,.61657429,222
WEL08,1,0,WEL,ad song,.85714287,.61657429,222
WEL08,0,0,WEL,ad speech,.21505377,.61657429,222
WEL08,1,1,WEL,id song,.902439,.61657429,222
WEL08,0,1,WEL,id speech,.86046511,.61657429,222
WEL09,1,0,WEL,ad song,.48076922,.61657429,222
WEL09,0,0,WEL,ad speech,.34285715,.61657429,222
WEL09,1,1,WEL,id song,.92134833,.61657429,222
WEL09,0,1,WEL,id speech,.70909089,.61657429,222
WEL10,0,0,WEL,ad speech,.028571429,.61657429,222
WEL10,1,1,WEL,id song,.77142859,.61657429,222
WEL10,0,1,WEL,id speech,.93396229,.61657429,222
WEL11,1,0,WEL,ad song,.69565219,.61657429,222
WEL11,0,0,WEL,ad speech,.0092592593,.61657429,222
WEL11,1,1,WEL,id song,.85148513,.61657429,222
WEL11,0,1,WEL,id speech,.81896549,.61657429,222
WEL12,1,0,WEL,ad song,.36734694,.61657429,222
WEL12,0,0,WEL,ad speech,.3888889,.61657429,222
WEL12,1,1,WEL,id song,.91818184,.61657429,222
WEL12,0,1,WEL,id speech,.92125982,.61657429,222
WEL13,1,0,WEL,ad song,.3888889,.61657429,222
WEL13,0,0,WEL,ad speech,.78846157,.61657429,222
WEL13,1,1,WEL,id song,.82786888,.61657429,222
WEL13,0,1,WEL,id speech,.8839286,.61657429,222
WEL14,1,0,WEL,ad song,.50526315,.61657429,222
WEL14,0,0,WEL,ad speech,.056818184,.61657429,222
WEL14,1,1,WEL,id song,.93162394,.61657429,222
WEL14,0,1,WEL,id speech,.953125,.61657429,222
WEL15,1,0,WEL,ad song,.28947368,.61657429,222
WEL15,0,0,WEL,ad speech,.066037737,.61657429,222
WEL15,1,1,WEL,id song,.87387389,.61657429,222
WEL15,0,1,WEL,id speech,.78947371,.61657429,222
WEL16,1,0,WEL,ad song,.72380954,.61657429,222
WEL16,0,0,WEL,ad speech,.3137255,.61657429,222
WEL16,1,1,WEL,id song,.86274511,.61657429,222
WEL16,0,1,WEL,id speech,.9099099,.61657429,222
WEL17,1,0,WEL,ad song,.6082474,.61657429,222
WEL17,0,0,WEL,ad speech,.065217391,.61657429,222
WEL17,1,1,WEL,id song,.88596493,.61657429,222
WEL17,0,1,WEL,id speech,.91056913,.61657429,222
WEL18,1,0,WEL,ad song,.55238098,.61657429,222
WEL18,0,0,WEL,ad speech,.05952381,.61657429,222
WEL18,1,1,WEL,id song,.72477067,.61657429,222
WEL18,0,1,WEL,id speech,.87692308,.61657429,222
WEL19,1,0,WEL,ad song,.63963962,.61657429,222
WEL19,0,0,WEL,ad speech,.54347825,.61657429,222
WEL19,1,1,WEL,id song,.77304965,.61657429,222
WEL19,0,1,WEL,id speech,.75396824,.61657429,222
WEL20,1,0,WEL,ad song,.59504133,.61657429,222
WEL20,0,0,WEL,ad speech,.17894737,.61657429,222
WEL20,1,1,WEL,id song,.53389829,.61657429,222
WEL20,0,1,WEL,id speech,.921875,.61657429,222
WEL21,1,0,WEL,ad song,.80833334,.61657429,222
WEL21,0,0,WEL,ad speech,.12087912,.61657429,222
WEL21,1,1,WEL,id song,.95867771,.61657429,222
WEL21,0,1,WEL,id speech,.93913043,.61657429,222
WEL22,1,0,WEL,ad song,.4017857,.61657429,222
WEL22,0,0,WEL,ad speech,.14,.61657429,222
WEL22,1,1,WEL,id song,.91891891,.61657429,222
WEL22,0,1,WEL,id speech,.88679248,.61657429,222
WEL23,1,0,WEL,ad song,.43333334,.61657429,222
WEL23,0,0,WEL,ad speech,.13333334,.61657429,222
WEL23,1,1,WEL,id song,.93636364,.61657429,222
WEL23,0,1,WEL,id speech,.91338581,.61657429,222
WEL24,1,0,WEL,ad song,.62616825,.61657429,222
WEL24,0,0,WEL,ad speech,.55769229,.61657429,222
WEL24,1,1,WEL,id song,.78260869,.61657429,222
WEL24,0,1,WEL,id speech,.875,.61657429,222
WEL25,1,0,WEL,ad song,.46534654,.61657429,222
WEL25,0,0,WEL,ad speech,.05882353,.61657429,222
WEL25,1,1,WEL,id song,.90677965,.61657429,222
WEL25,0,1,WEL,id speech,.97744364,.61657429,222
WEL26,1,0,WEL,ad song,.92553192,.61657429,222
WEL26,0,0,WEL,ad speech,.11494253,.61657429,222
WEL26,1,1,WEL,id song,.86440676,.61657429,222
WEL26,0,1,WEL,id speech,.80000001,.61657429,222
WEL27,1,0,WEL,ad song,.21590909,.61657429,222
WEL27,0,0,WEL,ad speech,.027777778,.61657429,222
WEL27,1,1,WEL,id song,.86956519,.61657429,222
WEL27,0,1,WEL,id speech,.94736844,.61657429,222
WEL28,1,0,WEL,ad song,.51376146,.61657429,222
WEL28,0,0,WEL,ad speech,.065934069,.61657429,222
WEL28,1,1,WEL,id song,.96825397,.61657429,222
WEL28,0,1,WEL,id speech,.66399997,.61657429,222
WEL29,1,0,WEL,ad song,.30769232,.61657429,222
WEL29,0,0,WEL,ad speech,.16666667,.61657429,222
WEL29,1,1,WEL,id song,.94999999,.61657429,222
WEL29,0,1,WEL,id speech,.92792791,.61657429,222
WEL30,1,0,WEL,ad song,.88983053,.61657429,222
WEL30,0,0,WEL,ad speech,.037974682,.61657429,222
WEL30,1,1,WEL,id song,.96453899,.61657429,222
WEL30,0,1,WEL,id speech,.97849464,.61657429,222
WEL31,1,0,WEL,ad song,.65137613,.61657429,222
WEL31,0,0,WEL,ad speech,.086538464,.61657429,222
WEL31,1,1,WEL,id song,.78761059,.61657429,222
WEL31,0,1,WEL,id speech,.96190476,.61657429,222
WEL32,1,0,WEL,ad song,.58241761,.61657429,222
WEL32,0,0,WEL,ad speech,.1923077,.61657429,222
WEL32,1,1,WEL,id song,.90909094,.61657429,222
WEL32,0,1,WEL,id speech,.86466163,.61657429,222
WEL33,1,0,WEL,ad song,.25233644,.61657429,222
WEL33,0,0,WEL,ad speech,.10416666,.61657429,222
WEL33,1,1,WEL,id song,.94690263,.61657429,222
WEL33,0,1,WEL,id speech,.92000002,.61657429,222
WEL34,1,0,WEL,ad song,.2345679,.61657429,222
WEL34,0,0,WEL,ad speech,.68817204,.61657429,222
WEL34,1,1,WEL,id song,.92792791,.61657429,222
WEL34,0,1,WEL,id speech,.90756303,.61657429,222
WEL35,1,0,WEL,ad song,.2735849,.61657429,222
WEL35,0,0,WEL,ad speech,.096153848,.61657429,222
WEL35,1,1,WEL,id song,.97163123,.61657429,222
WEL35,0,1,WEL,id speech,.93203884,.61657429,222
WEL36,1,0,WEL,ad song,.60576922,.61657429,222
WEL36,0,0,WEL,ad speech,.053571429,.61657429,222
WEL36,1,1,WEL,id song,.89075631,.61657429,222
WEL36,0,1,WEL,id speech,.7903226,.61657429,222
WEL37,1,0,WEL,ad song,.59803921,.61657429,222
WEL37,0,0,WEL,ad speech,.16666667,.61657429,222
WEL37,1,1,WEL,id song,.5763889,.61657429,222
WEL37,0,1,WEL,id speech,.66666669,.61657429,222
WEL38,1,0,WEL,ad song,.81481481,.61657429,222
WEL38,0,0,WEL,ad speech,.76923078,.61657429,222
WEL38,1,1,WEL,id song,.91275167,.61657429,222
WEL38,0,1,WEL,id speech,.92753625,.61657429,222
WEL39,1,0,WEL,ad song,.24299066,.61657429,222
WEL39,0,0,WEL,ad speech,.097087376,.61657429,222
WEL39,1,1,WEL,id song,.63207549,.61657429,222
WEL39,0,1,WEL,id speech,.91935486,.61657429,222
WEL40,1,0,WEL,ad song,.69090909,.61657429,222
WEL40,0,0,WEL,ad speech,.11,.61657429,222
WEL40,1,1,WEL,id song,.74603176,.61657429,222
WEL40,0,1,WEL,id speech,.92142856,.61657429,222
WEL41,1,0,WEL,ad song,.42735043,.61657429,222
WEL41,0,0,WEL,ad speech,.1122449,.61657429,222
WEL41,1,1,WEL,id song,.9285714,.61657429,222
WEL41,0,1,WEL,id speech,.74193549,.61657429,222
WEL42,1,0,WEL,ad song,.1724138,.61657429,222
WEL42,0,0,WEL,ad speech,.14130434,.61657429,222
WEL42,1,1,WEL,id song,.8660714,.61657429,222
WEL43,1,0,WEL,ad song,.22222222,.61657429,222
WEL43,0,0,WEL,ad speech,.067415729,.61657429,222
WEL43,1,1,WEL,id song,.56756759,.61657429,222
WEL43,0,1,WEL,id speech,.6936937,.61657429,222
WEL44,1,0,WEL,ad song,.60869563,.61657429,222
WEL44,0,0,WEL,ad speech,.054347824,.61657429,222
WEL44,1,1,WEL,id song,.90909094,.61657429,222
WEL44,0,1,WEL,id speech,.59405941,.61657429,222
WEL45,1,0,WEL,ad song,.32631579,.61657429,222
WEL45,0,0,WEL,ad speech,.1,.61657429,222
WEL45,1,1,WEL,id song,.95412844,.61657429,222
WEL45,0,1,WEL,id speech,.95934957,.61657429,222
WEL46,1,0,WEL,ad song,.56730771,.61657429,222
WEL46,0,0,WEL,ad speech,.13131313,.61657429,222
WEL46,1,1,WEL,id song,.89473683,.61657429,222
WEL46,0,1,WEL,id speech,.93203884,.61657429,222
WEL47,1,0,WEL,ad song,.78991598,.61657429,222
WEL47,0,0,WEL,ad speech,.30693069,.61657429,222
WEL47,1,1,WEL,id song,.87378639,.61657429,222
WEL47,0,1,WEL,id speech,.95161289,.61657429,222
WEL48,1,0,WEL,ad song,.21276596,.61657429,222
WEL48,0,0,WEL,ad speech,.34090909,.61657429,222
WEL48,1,1,WEL,id song,.969697,.61657429,222
WEL48,0,1,WEL,id speech,.93333334,.61657429,222
WEL49,1,0,WEL,ad song,.93650794,.61657429,222
WEL49,0,0,WEL,ad speech,.085470088,.61657429,222
WEL49,1,1,WEL,id song,.87288135,.61657429,222
WEL49,0,1,WEL,id speech,.75373137,.61657429,222
WEL50,1,0,WEL,ad song,.78448278,.61657429,222
WEL50,0,0,WEL,ad speech,.68333334,.61657429,222
WEL50,1,1,WEL,id song,.83620691,.61657429,222
WEL50,0,1,WEL,id speech,.74774772,.61657429,222
WEL51,1,0,WEL,ad song,.7096774,.61657429,222
WEL51,0,0,WEL,ad speech,.15151516,.61657429,222
WEL51,1,1,WEL,id song,.875,.61657429,222
WEL51,0,1,WEL,id speech,.88,.61657429,222
WEL52,1,0,WEL,ad song,.83653843,.61657429,222
WEL52,0,0,WEL,ad speech,.06185567,.61657429,222
WEL52,1,1,WEL,id song,.91338581,.61657429,222
WEL52,0,1,WEL,id speech,.76106197,.61657429,222
WEL53,1,0,WEL,ad song,.81308413,.61657429,222
WEL53,0,0,WEL,ad speech,.13402061,.61657429,222
WEL53,1,1,WEL,id song,.89312977,.61657429,222
WEL53,0,1,WEL,id speech,.89908254,.61657429,222
WEL54,1,0,WEL,ad song,.45744681,.61657429,222
WEL54,0,0,WEL,ad speech,.047619049,.61657429,222
WEL54,1,1,WEL,id song,.91791046,.61657429,222
WEL54,0,1,WEL,id speech,.93277311,.61657429,222
WEL55,1,0,WEL,ad song,.75,.61657429,222
WEL55,0,0,WEL,ad speech,.099009901,.61657429,222
WEL55,1,1,WEL,id song,.94814813,.61657429,222
WEL55,0,1,WEL,id speech,.89583331,.61657429,222
WEL56,1,0,WEL,ad song,.96428573,.61657429,222
WEL56,0,0,WEL,ad speech,.23170732,.61657429,222
WEL56,1,1,WEL,id song,.85858583,.61657429,222
WEL56,0,1,WEL,id speech,.92799997,.61657429,222
WEL57,1,0,WEL,ad song,.79411763,.61657429,222
WEL57,0,0,WEL,ad speech,.11764706,.61657429,222
WEL57,1,1,WEL,id song,.91970801,.61657429,222
WEL57,0,1,WEL,id speech,.77981651,.61657429,222
